,Artist,Title
0,Norah Jones,Sunrise
1,Deep Purple,Black Night
2,Gorillaz,Clint Eastwood
3,Foo Fighters,The Pretender
4,Bruce Springsteen,Waitin' On A Sunny Day
5,City To City,The Road Ahead (Miles Of The Unknown)
6,Maroon 5,She Will Be Loved
7,Muse,Knights of Cydonia
8,The Killers,Mr. Brightside
9,Eminem,Without Me
10,Elvis Presley,Love Me Tender
11,The White Stripes,Seven Nation Army
12,De Dijk,Als Het Golft
13,Ten Years After,I'm going home
14,Arctic Monkeys,Fluorescent Adolescent
15,Paul de Leeuw,Zonder Jou
16,Coldplay,Speed of Sound
17,Alanis Morissette,Uninvited
18,John Miles,Music
19,Justin Timberlake,Cry Me a River
20,Coldplay,Fix You
21,Mumford & Sons,The Cave
22,Jan Smit,Als De Morgen Is Gekomen
23,The Killers,Somebody Told Me
24,BLÃ˜F,Dichterbij Dan Ooit
25,Ilse DeLange,Miracle
26,Editors,Smokers Outside the Hospital Doors
27,Eminem,Cleanin' Out My Closet
28,Herbert GrÃ¶nemeyer,Der Weg
29,Youssou N'Dour,7 Seconds (feat. Neneh Cherry)
30,Coldplay,The Scientist
31,Robert Plant,Big Log - 2006 Remaster
32,Adele,Chasing Pavements
33,Norah Jones,Don't Know Why
34,Amy Winehouse,Tears Dry On Their Own
35,Sandy Coast,The Eyes of Jenny
36,The Goo Goo Dolls,Iris
37,U2,The Saints Are Coming
38,Foo Fighters,All My Life
39,Guus Meeuwis,De Weg
40,Santa Esmeralda,Don't Let Me Be Misunderstood
41,TiÃ«sto,Traffic - Radio Edit
42,Franz Ferdinand,Take Me Out
43,Green Day,American Idiot
44,Linkin Park,Breaking the Habit
45,Robbie Williams,Come Undone
46,Lou Reed,Sweet Jane
47,Snow Patrol,Run
48,Barry White,"You're The First, The Last, My Everything"
49,Saybia,The Day After Tomorrow
50,Pearl Jam,Just Breathe
51,BLÃ˜F,Dansen Aan Zee
52,James Blunt,Goodbye My Lover
53,Metallica,The Unforgiven III
54,Christina Aguilera,Hurt
55,Elbow,Grounds for Divorce
56,U2,Sometimes You Can't Make It On Your Own
57,BeyoncÃ©,"Listen (From the Motion Picture ""Dreamgirls"")"
58,Backstreet Boys,I Want It That Way
59,Golden Earring,Goin To The Run
60,Rowwen HÃ¨ze,De Neus Umhoeg
61,Johnny Cash,Solitary Man
62,Doe Maar,Smoorverliefd
63,Manu Chao,Me Gustas Tu
64,3 Doors Down,Kryptonite
65,Seal,Crazy
66,P!nk,Family Portrait
67,Status Quo,In The Army Now
68,Saybia,I Surrender
69,Stereophonics,Maybe Tomorrow
70,Adele,Make You Feel My Love
71,Queens of the Stone Age,No One Knows
72,Peter Sarstedt,Where Do You Go To (My Lovely) - Re-Recorded
73,The Dubliners,The Wild Rover
74,Mumford & Sons,Little Lion Man
75,Michael Jackson,Dirty Diana
76,Jacques Brel,Ne me quitte pas
77,Volbeat,Sad Man's Tongue
78,Marco Borsato,Wat Zou Je Doen - Live
79,Elbow,One Day Like This
80,Spinvis,Bagagedrager
81,Twarres,WÃªr Bisto
82,Enya,Only Time
83,Blue,Sorry Seems To Be The Hardest Word
84,The Offspring,Self Esteem
85,BLÃ˜F,Aanzoek Zonder Ringen
86,Anouk,Modern World
87,Claw Boys Claw,Rosie
88,David Bowie,This Is Not America - 2002 Remaster
89,Foo Fighters,Times Like These
90,Boudewijn de Groot,De Vondeling Van Ameland
91,The Proclaimers,I'm Gonna Be (500 Miles)
92,Marco Borsato,Afscheid Nemen Bestaat Niet
93,BLÃ˜F,Blauwe Ruis
94,Rowwen HÃ¨ze,Limburg - Live
95,Green Day,21 Guns
96,Mark Ronson,Valerie (feat. Amy Winehouse) - Version Revisited
97,GÃ© Reinders,Blaosmuziek
98,Marco Borsato,Binnen
99,Manic Street Preachers,Motorcycle Emptiness
100,Linkin Park,In the End
101,Herbert GrÃ¶nemeyer,Halt mich
102,Anouk,Girl
103,Bruce Springsteen,"Trapped - Live at Meadowlands Arena, E. Rutherford, NJ - August 1984"
104,Veldhuis & Kemper,Ik Wou Dat Ik Jou Was
105,Alicia Keys,Empire State of Mind (Part II) Broken Down
106,JAY-Z,Numb / Encore
107,Armand,Ben Ik Te Min
108,Kid Rock,All Summer Long
109,Jeff Wayne,Forever Autumn
110,John Mayer,Waiting On the World to Change
111,Keane,Everybody's Changing
112,The Fray,How to Save a Life
113,Andre Hazes,"Bloed, Zweet En Tranen"
114,Eminem,"Lose Yourself - From ""8 Mile"" Soundtrack"
115,Santana,Europa (Earth's Cry Heaven's Smile)
116,Muse,Feeling Good
117,Daft Punk,"Harder, Better, Faster, Stronger"
118,Kings of Leon,Use Somebody
119,The Temper Trap,Sweet Disposition
120,BeyoncÃ©,Single Ladies (Put a Ring on It)
121,John Farnham,You're the Voice
122,IOS,Voltooid Verleden Tijd
123,The Bangles,Eternal Flame
124,The Temptations,Papa Was A Rolling Stone
125,BeyoncÃ©,Crazy In Love (feat. Jay-Z)
126,Foo Fighters,Best of You
127,John Mayer,Daughters
128,Bram Vermeulen,De wedstrijd
129,Editors,Papillon
130,Enigma,Sadeness
131,Maarten Van Roozendaal,Red Mij Niet - Single Edit
132,Amy Winehouse,Love Is A Losing Game
133,Marco Borsato,Zij
134,Tenacious D,Tribute
135,Amy Winehouse,You Know I'm No Good
136,Coldplay,Talk
137,Pat Benatar,Love Is A Battlefield
138,Michael BublÃ©,Home
139,Rammstein,Sonne
140,The Black Eyed Peas,I Gotta Feeling
141,The Cult,She Sells Sanctuary
142,Normaal,Alie
143,UB40,Red Red Wine
144,Elvis Presley,A Little Less Conversation - JXL Radio Edit Remix
145,Racoon,Love You More
146,Neil Young,Old Man
147,De Poema's,Zij Maakt Het Verschil
148,The Beatles,I Want To Hold Your Hand - Remastered 2015
149,Santana,Black Magic Woman
150,Snow Patrol,Set The Fire To The Third Bar
151,Nightwish,Ghost Love Score
152,Rufus Wainwright,Going To A Town
153,Doe Maar,Is Dit Alles
154,Fish,A Gentleman's Excuse Me
155,Coldplay,God Put a Smile upon Your Face
156,John Mayer,Heartbreak Warfare
157,Mark Knopfler,Sailing to Philadelphia
158,Counting Crows,Accidentally In Love
159,The Weather Girls,It's Raining Men
160,Anouk,One Word
161,Billy Joel,Goodnight Saigon
162,Mike Oldfield,Moonlight Shadow
163,Ramses Shaffy,Zing - Vecht - Huil - Bid - Lach - Werk En Bewonder
164,Muse,Uprising
165,Evanescence,My Immortal
166,Racoon,Feel Like Flying
167,Michael BublÃ©,Everything
168,Plain White T's,Hey There Delilah
169,Marco Borsato,Speeltuin
170,Yann Tiersen,"Comptine d'un autre Ã©tÃ©, l'aprÃ¨s-midi"
171,Krezip,Sweet Goodbyes
172,The Script,The Man Who Can't Be Moved
173,John Mayer,"Free Fallin' - Live at the Nokia Theatre, Los Angeles, CA - December 2007"
174,BeyoncÃ©,Halo
175,De Jeugd Van Tegenwoordig,Hollereer
176,BLÃ˜F,Hier
177,Within Temptation,Ice Queen
178,Golden Earring,Another 45 Miles
179,Neil Young,Like a Hurricane - 2003 Remaster
180,Alain Clark,Father & Friend
181,Bill Medley,"(I've Had) The Time of My Life - From ""Dirty Dancing"" Soundtrack"
182,Damien Rice,The Blower's Daughter
183,U2,Magnificent
184,Jamiroquai,Virtual Insanity - Remastered
185,Doe Maar,Belle HÃ©lÃ¨ne
186,Queens of the Stone Age,Go With The Flow
187,Golden Earrings,Sound Of The Screameng Day
188,Muse,Plug in Baby
189,Gossip,Heavy Cross
190,Doe Maar,Nederwiet
191,Blondie,Heart Of Glass
192,Eminem,The Real Slim Shady
193,U2,Stuck In A Moment You Can't Get Out Of
194,JOHAN,Tumble and Fall
195,Michel Sardou,Les lacs du Connemara
196,DaniÃ«l Lohues,Hier Kom Ik Weg
197,Muse,Starlight
198,Stereophonics,Dakota
199,Sarah Brightman,Time To Say Goodbye (Con Te PartirÃ²)
200,Coldplay,Green Eyes
201,Delerium,Silence (feat. Sarah McLachlan) - DJ TiÃ«sto's In Search of Sunrise Edit
202,Acda en de Munnik,De Kapitein Deel II
203,Muse,Supermassive Black Hole
204,Nick & Simon,Pak Maar M'n Hand
205,Doe Maar,De Bom
206,Golden Earring,Bombay
207,Tom Petty and the Heartbreakers,Mary Jane's Last Dance
208,Normaal,Oerend Hard
209,Eddie Vedder,Society
210,Dido,White Flag
211,Tavares,Heaven Must Be Missing An Angel - Pt. 1
212,Green Day,Wake Me up When September Ends
213,Red Hot Chili Peppers,Can't Stop
214,Chris Rea,Driving Home for Christmas
215,Rammstein,Mutter
216,Doe Maar,Pa
217,The Scene,Blauw
218,Bee Gees,Spicks And Specks
219,Eminem,Stan
220,Christina Aguilera,Beautiful
221,John Mayer,Gravity
222,Beth Hart,Leave the Light On
223,Kayak,Ruthless Queen
224,Foo Fighters,Everlong - Acoustic Version
225,3 Doors Down,Here Without You
226,Mary J. Blige,One
227,De Poema's,Mijn Houten Hart
228,Gary Jules,Mad World (Feat. Michael Andrews)
229,Doe Maar,Sinds 1 Dag Of 2 (32 Jaar)
230,Michael BublÃ©,Feeling Good
231,10cc,The Wall Street Shuffle
232,Blur,Song 2
233,Krezip,I Would Stay
234,Billy Joel,Piano Man
235,Owl City,Fireflies
236,Anouk,Lost
237,Wolfmother,Woman
238,The Black Eyed Peas,Where Is The Love?
239,Coldplay,Yellow
240,Amy Macdonald,This Is The Life
241,Chris Isaak,Wicked Game
242,The Script,Breakeven
243,K's Choice,Not An Addict
244,Ilse DeLange,So Incredible
245,Amy Macdonald,Mr Rock & Roll
246,Michael Jackson,Will You Be There - Single Version
247,Rowwen HÃ¨ze,Vlinder
248,Kim Wilde,Cambodia
249,Amy Winehouse,Back To Black
250,Marco Borsato,Dochters
251,Focus,Hocus Pocus
252,Herbert GrÃ¶nemeyer,Mensch
253,Coldplay,Amsterdam
254,Muse,Time Is Running Out
255,Kane,Rain Down on Me
256,Blondie,Denis
257,Adele,Hometown Glory
258,Paul McCartney,Live And Let Die - Live
259,Ilse DeLange,I Still Cry
260,Acda en de Munnik,Ren Lenny Ren
261,Coldplay,In My Place
262,Linkin Park,Numb
263,John Mayer,Slow Dancing in a Burning Room
264,JAY-Z,Empire State Of Mind
265,Train,Drops of Jupiter
266,BLÃ˜F,Omarm
267,Sam Cooke,(What A) Wonderful World
268,Womack & Womack,Teardrops
269,Bruce Springsteen,The Rising
270,Red Hot Chili Peppers,Snow (Hey Oh)
271,Anouk,I Don't Wanna Hurt
272,John Legend,Ordinary People
273,The Scene,Iedereen Is Van De Wereld
274,Spandau Ballet,Gold
275,Lionel Richie,All Night Long (All Night) - Single Version
276,Phil Collins,Can't Stop Loving You - 2016 Remaster
277,U2,City Of Blinding Lights
278,Editors,Munich
279,OutKast,Hey Ya!
280,Eurythmics,There Must Be an Angel (Playing with My Heart)
281,Alderliefste met Ramses Shaffy en Liesbeth List,Laat Me / Vivre - Lange Versie
282,De Jeugd Van Tegenwoordig,Watskeburt?!
283,Robbie Williams,Feel
284,The Rolling Stones,Lady Jane - (Original Single Mono Version)
285,Madonna,La Isla Bonita
286,Chi Coltrane,Go Like Elijah
287,System Of A Down,Chop Suey!
288,Kyteman,Sorry - (Live in Tivoli)
289,Michael Jackson,Black or White - Single Version
290,Snow Patrol,Shut Your Eyes
291,Alanis Morissette,Ironic
292,Arctic Monkeys,I Bet You Look Good On The Dancefloor
293,Johnny Cash,Hurt
294,Madonna,Vogue
295,BeyoncÃ©,If I Were a Boy
296,Mud,Dyna-Mite
297,Alderliefste,Une Belle Histoire (Een Mooi Verhaal)
298,Darude,Sandstorm - Radio Edit
299,Robert Cray,Right Next Door (Because Of Me)
300,Neet OÃ©t Lottum,Hald Mich 'S Vas
301,Madonna,Like a Prayer
302,Status Quo,Rockin' All Over The World
303,Chris Isaak,Blue Hotel
304,P!nk,Dear Mr. President
305,Toontje Lager,Stiekem Gedanst
306,The Killers,Human
307,The Beatles,Lady Madonna - Remastered 2015
308,Joni Mitchell,Both Sides Now
309,Faithless,God Is a DJ
310,Coldplay,Viva La Vida
311,MGMT,Kids
312,Keane,Bend & Break
313,The Beatles,We Can Work It Out - Remastered 2015
314,Muse,Sing for Absolution
315,Stevie Wonder,Superstition - Single Version
316,U2,Vertigo
317,Red Hot Chili Peppers,By the Way
318,The Beatles,Hey Jude
319,Rowwen HÃ¨ze,November
320,Guus Meeuwis,Geef Mij Je Angst
321,Stealers Wheel,Stuck In The Middle With You
322,Acda en de Munnik,Het Regent Zonnestralen
323,Coldplay,Violet Hill
324,Florence + The Machine,Dog Days Are Over
325,U2,Beautiful Day
326,Peter Schilling,Major Tom
327,Editors,An End Has a Start
328,Coldplay,Lost!
329,Mark Knopfler,What It Is
330,New Order,Blue Monday - 2016 Remaster
331,Limp Bizkit,Behind Blue Eyes
332,Amy Winehouse,Rehab
333,Snowy White,Bird of Paradise
334,Jason Mraz,I'm Yours
335,Abel,Onderweg
336,Sammy Davis Jr.,Mr. Bojangles - Single Version
337,Natasha Bedingfield,Unwritten
338,Muse,Resistance
339,Keane,Bedshaped
340,Gorki,Mia
341,Alanis Morissette,You Oughta Know
342,Live,Overcome
343,Within Temptation,Stand My Ground
344,Snow Patrol,Chasing Cars
345,Red Hot Chili Peppers,Dani California
346,Massive Attack,Unfinished Sympathy
347,Katie Melua,Nine Million Bicycles
348,James Blunt,You're Beautiful
349,Bon Jovi,It's My Life
350,Coldplay,Politik
351,BLÃ˜F,Mooie Dag
352,De Kast,In Nije Dei
353,Kings of Leon,Sex on Fire
354,Lisa Lois,Hallelujah
355,Keane,Somewhere Only We Know
356,Simply Red,Sunrise
357,Nickelback,How You Remind Me
358,Ronan Keating,When You Say Nothing At All
359,Eddie Vedder,Hard Sun
360,Simple Minds,Belfast Child
361,Gorillaz,Feel Good Inc.
362,BLÃ˜F,Alles Is Liefde
363,Anouk,Jerusalem
364,Robbie Williams,Mr Bojangles
365,Guus Meeuwis,Tranen Gelachen
366,Arctic Monkeys,When The Sun Goes Down
367,Madonna,Frozen
368,Editors,The Racing Rats
369,Lady Gaga,Poker Face
370,Coldplay,Life in Technicolor ii
371,Johnny Cash,One
372,Kaiser Chiefs,Ruby
373,Lange Frans,Het Land Van
374,Lady Gaga,Bad Romance
375,U2,Elevation
376,Coldplay,Trouble
377,Rowwen HÃ¨ze,De Peel In Brand
378,Ram Jam,Black Betty
379,Novastar,Wrong
380,Herman Brood & His Wild Romance,Never Be Clever
381,Muse,Undisclosed Desires
382,Rowwen HÃ¨ze,Auto Vliegtuug
383,Van Dik Hout,Meer Dan Een Ander
384,Guus Meeuwis,Brabant
385,Within Temptation,Mother Earth
386,Daft Punk,One More Time
387,Elvis Presley,(You're The) Devil in Disguise
388,Spandau Ballet,TRUE - Single Edit
389,Queens of the Stone Age,Make It Wit Chu
390,Evanescence,Bring Me To Life
391,Coldplay,Clocks
392,White Lies,Farewell To The Fairground
393,Muse,Bliss
394,Nick & Simon,Kijk Omhoog
395,Damien Rice,9 Crimes
396,Bruce Springsteen,Working On a Dream
397,Ike & Tina Turner,Nutbush City Limits
398,Band Aid,Do They Know It's Christmas? - 1984 Version
399,2Pac,Changes
400,Claudia De Breij,Mag Ik Dan Bij Jou
401,De Jeugd Van Tegenwoordig,Sterrenstof
402,Joy Division,Love Will Tear Us Apart - 2010 Remaster
403,De Dijk,Mag Het Licht Uit
404,Anita Meyer,Why Tell Me Why
405,Charly Lownoise,Wonderful Days
406,Guus Meeuwis,Dat Komt Door Jou
407,Racoon,Don't Give up the Fight
408,Triggerfinger,I Follow Rivers - Live @ Giel!
409,Racoon,Liverpool Rain
410,Racoon,No Mercy
411,"Emerson, Lake & Palmer",Peter Gunn Theme
412,Stromae,Alors on danse
413,Jeff Wayne,The Eve of the War
414,Caro Emerald,A Night Like This
415,P!nk,Raise Your Glass
416,Matthias Reim,Verdammt ich lieb dich - Remastered
417,Coldplay,Christmas Lights
418,Cock Robin,The Promise You Made
419,Golden Earring,Back Home
420,DI-RECT,Times Are Changing
421,Guus Meeuwis,Proosten
422,Bruno Mars,Just the Way You Are
423,Lady Antebellum,Need You Now
424,Rihanna,Man Down
425,Kings of Leon,Pyro
426,Roy Orbison,You Got It
427,Joy Division,Atmosphere - 2010 Remaster
428,Bruno Mars,Grenade
429,Party Animals,Have You Ever Been Mellow
430,Kings of Leon,Back Down South
431,Agnes Obel,Riverside
432,Solomon Burke,Hold On Tight
433,Adele,Someone Like You
434,Adele,Set Fire to the Rain
435,DJ Paul Elstak,Rainbow In The Sky - K & A's Radio Blast
436,Avicii,Levels
437,Gotye,Somebody That I Used To Know
438,Coldplay,Paradise
439,Marco Borsato,Rood
440,Johnny Cash,A Boy Named Sue (Live)
441,Scorpions,Still Loving You
442,The Black Keys,Little Black Submarines
443,Foo Fighters,Walk
444,Ed Sheeran,The A Team
445,Spinvis,kom terug
446,DaniÃ«l Lohues,Prachtig mooie dag
447,Elbow,lippy kids
448,David Guetta,Titanium (feat. Sia)
449,Within Temptation,Faster
450,The Black Keys,Lonely Boy
451,Adele,Turning Tables
452,DJ Paul,Luv U More - K&A's Radio blast
453,De Dijk,Kan Ik Iets Voor Je Doen
454,Sniff 'n' The Tears,Driver's Seat
455,Lange Frans,Zing Voor Me
456,Coldplay,Every Teardrop Is a Waterfall
457,Marco Borsato,Waarom Nou Jij
458,Jacques Brel,Mijn Vlakke Land
459,Adele,Rumour Has It
460,Ben Howard,Keep Your Head Up
461,Foster The People,Pumped Up Kicks
462,Jonathan Jeremiah,Happiness
463,Ed Sheeran,Give Me Love
464,The Black Keys,Gold on the Ceiling
465,JAY-Z,Ni**as In Paris
466,BeyoncÃ©,Run the World (Girls)
467,Road Band,I Won' T Let You Down
468,BeyoncÃ©,Love On Top
469,Ed Sheeran,Lego House
470,Birdy,Skinny Love
471,Joe Bonamassa,Dust Bowl
472,Kane,Damn Those Eyes
473,Foo Fighters,These Days
474,INXS,Original Sin
475,Maggie MacNeal,Terug Naar De Kust
476,Ray Charles,Georgia on My Mind
477,Coldplay,Charlie Brown
478,Golden Earring,I've Just Lost Somebody
479,Adele,Skyfall - Full Length
480,BLÃ˜F,Zo Stil
481,Counting Crows,Holiday In Spain
482,Imagine Dragons,Radioactive
483,Lana Del Rey,Video Games - Remastered
484,Imagine Dragons,Demons
485,Elvis Costello,She
486,P!nk,Just Give Me a Reason (feat. Nate Ruess)
487,P!nk,Try
488,Mumford & Sons,I Will Wait
489,Kensington,Home Again
490,Mike Oldfield,Tubular Bells
491,Tori Amos,Winter
492,Andre Hazes,Droomland
493,BLÃ˜F,Wat Zou Je Doen?
494,Muse,Madness
495,Keane,Sovereign Light CafÃ©
496,Macklemore & Ryan Lewis,Can't Hold Us - feat. Ray Dalton
497,Mumford & Sons,Lover of the Light
498,Johnny Cash,San Quentin
499,Imagine Dragons,On Top Of The World
500,Youp van 't Hek,Flappie
501,Michael Kiwanuka,Home Again
502,The Script,If You Could See Me Now
503,The Script,Hall of Fame
504,Drs. P,Dodenrit
505,Bruno Mars,When I Was Your Man
506,Jason Mraz,I Won't Give Up
507,The Opposites,Slapeloze Nachten
508,Whitney Houston,One Moment in Time
509,BLÃ˜F,Zaterdag
510,Mumford & Sons,Babel
511,Mumford & Sons,Hopeless Wanderer
512,Xavier Rudd,Follow the Sun
513,BLÃ˜F,Later Als Ik Groter Ben
514,Emeli SandÃ©,Clown
515,Rihanna,Stay - Album Version (Edited)
516,Rihanna,Diamonds
517,Imagine Dragons,It's Time
518,Of Monsters and Men,Little Talks
519,Loreen,Euphoria
520,Racoon,Oceaan
521,Volbeat,Lola Montez
522,Avicii,Wake Me Up
523,Stromae,Formidable
524,Arctic Monkeys,Do I Wanna Know?
525,Tom Odell,Another Love
526,Avicii,Hey Brother
527,Ed Sheeran,I See Fire
528,Armin van Buuren,This Is What It Feels Like
529,John Legend,All of Me
530,De Dijk,Dansen Op De Vulkaan
531,De Staat,Witch Doctor
532,The Boxer Rebellion,Diamonds
533,Passenger,Let Her Go
534,Stromae,Papaoutai
535,London Grammar,Strong
536,Derek & The Dominos,Layla
537,Bastille,Pompeii
538,Mr. Probz,Waves
539,Daft Punk,Get Lucky (feat. Pharrell Williams & Nile Rodgers) - Radio Edit
540,Kodaline,All I Want
541,Avicii,Addicted To You
542,Martin Garrix,Animals
543,Snow Patrol,Just Say Yes
544,3JS,Watermensen
545,Paul Kalkbrenner,Sky and Sand
546,Eminem,The Monster
547,Justin Timberlake,Mirrors
548,One Direction,Story of My Life
549,Lorde,Royals
550,Stromae,tous les mÃªmes
551,De Dijk,Mijn Van Straat Geredde Roos
552,Herman Brood & His Wild Romance,Love You Like I Love Myself
553,Queens of the Stone Age,I Sat By The Ocean
554,Backstreet Boys,Everybody (Backstreet's Back) - Radio Edit
555,Editors,A Ton of Love
556,Jewel,Foolish Games
557,Tom Odell,Grow Old with Me
558,Bastille,Things We Lost In The Fire
559,Robin Thicke,Blurred Lines
560,Robbie Williams,The Road To Mandalay
561,Paolo Nutini,Iron Sky
562,Coldplay,A Sky Full of Stars
563,Adele,Rolling In The Deep
564,Kensington,Streets
565,Ed Sheeran,Thinking out Loud
566,Hozier,Take Me to Church
567,Michel Fugain,Une belle histoire
568,Chef'Special,In Your Arms
569,Underworld,Born Slippy (Nuxx)
570,Kensington,War
571,DaniÃ«l Lohues,Op 't platteland
572,Pharrell Williams,"Happy - From ""Despicable Me 2"""
573,The Common Linnets,Calm After The Storm
574,Kensington,Riddles
575,The War On Drugs,Under The Pressure
576,Coldplay,Magic
577,Ed Sheeran,Photograph
578,Kensington,All For Nothing
579,First Aid Kit,My Silver Lining
580,Typhoon,Zandloper
581,Dotan,Home
582,The War On Drugs,Red Eyes
583,Gigi D'Agostino,L'amour Toujours (Small Mix)
584,The Who,"See Me, Feel Me - Single Version"
585,Typhoon,Hemel Valt
586,Bush,Glycerine
587,Jeroen van Koningsbrugge,Wit Licht
588,The Beatles,Yellow Submarine
589,2Pac,California Love
590,The Script,Superheroes
591,Sam Smith,Stay With Me
592,Taylor Swift,Shake It Off
593,Fink,Looking Too Closely
594,The Script,No Good in Goodbye
595,OneRepublic,Counting Stars
596,Cyndi Lauper,Time After Time
597,Nielson,Sexy Als Ik Dans
598,Kensington,Done With It
599,Michael Jackson,Love Never Felt So Good
600,WALK THE MOON,Shut Up and Dance
601,Mr. Probz,Nothing Really Matters
602,Blaudzun,Promises of No Man's Land
603,James Bay,Let It Go
604,Disturbed,The Sound of Silence
605,Wim Sonneveld,Het Dorp - Live
606,Muse,Psycho
607,Nightwish,Ã‰lan
608,Maaike Ouboter,Dat Ik Je Mis
609,Armin van Buuren,Heading Up High
610,Andre Hazes,Zeg Maar Niets Meer - Remastered
611,Sia,Chandelier
612,Mark Ronson,Uptown Funk
613,Anouk,Birds
614,Anouk,Michel
615,Tame Impala,Let It Happen
616,Coldplay,Everglow
617,Tame Impala,The Less I Know The Better
618,U2,Ordinary Love
619,Twenty One Pilots,Stressed Out
620,Anouk,For Bitter Or Worse
621,Air,All I Need - Edit
622,Coldplay,Hymn for the Weekend
623,Coldplay,Adventure of a Lifetime
624,Anouk,Three Days In A Row
625,Van Morrison,Moondance
626,Anouk,R U Kiddin' Me
627,Frank Sinatra,"Theme From New York, New York"
628,Douwe Bob,Hold Me
629,George Ezra,Budapest
630,Racoon,Shoes of Lightning
631,Muse,Mercy
632,Chris Stapleton,Tennessee Whiskey
633,Jean-Michel Jarre,"Oxygene, Pt. 4"
634,Coldplay,A Head Full of Dreams
635,Faithless,We Come 1 - Radio Edit
636,Eric Clapton,Forever Man - 2015 Remaster
637,Brainbox,Down Man
638,Gregory Porter,Liquid Spirit - Claptone Remix
639,Cliff Richard & The Drifters,Living Doll - 2003 Remaster
640,Editors,Ocean of Night
641,Dua Lipa,Be the One
642,Coldplay,Up&Up
643,Florence + The Machine,Ship To Wreck
644,Justin Bieber,Love Yourself
645,John Lennon,Happy Xmas (War Is Over)
646,Kensington,Sorry
647,Michael Kiwanuka,Cold Little Heart
648,Freddie Mercury,Barcelona
649,AndrÃ© Hazes Jr.,Leef
650,Adele,Hello
651,Phil Collins,Against All Odds (Take a Look at Me Now) - 2016 Remaster
652,Diggy Dex,Treur Niet (Ode Aan Het Leven)
653,Adele,When We Were Young
654,Kensington,Do I Ever
655,Justin Timberlake,"CAN'T STOP THE FEELING! (Original Song from DreamWorks Animation's ""TROLLS"")"
656,Status Quo,Whatever You Want
657,David Bowie,Lazarus
658,Adele,Million Years Ago
659,Red Hot Chili Peppers,Dark Necessities
660,Leonard Cohen,You Want It Darker
661,Kensington,Bridges
662,Ennio Morricone,Once Upon a Time in the West - Main Theme
663,Marco Borsato,Mooi
664,Elvis Presley,I Just Can't Help Believin'
665,Michael Kiwanuka,Love & Hate
666,Simple Minds,New Gold Dream (81/82/83/84)
667,The Trammps,Disco Inferno
668,Simple Minds,Someone Somewhere (In Summertime)
669,Bruno Mars,24K Magic
670,David Bowie,Blackstar
671,Adele,Water Under the Bridge
672,Adele,All I Ask
673,Q'65,The Life I Live
674,Paul McCartney,We All Stand Together - Remastered 2016
675,Twenty One Pilots,Heathens
676,Douwe Bob,Jacobâ€™s Song
677,KALEO,Way Down We Go
678,Lukas Graham,7 Years
679,Ryuichi Sakamoto,Forbidden Colours
680,Gavin James,The Book Of Love
681,BLÃ˜F,Zoutelande - feat. Geike
682,Jason Paige,PokÃ©mon Theme-New Studio Recording
683,Ed Sheeran,Perfect
684,Michael Jackson,Thriller
685,Green Day,Boulevard of Broken Dreams
686,P!nk,What About Us
687,Ed Sheeran,Shape of You
688,Imagine Dragons,Believer
689,Rag'n'Bone Man,Human
690,Ede Staal,Het het nog nooit zo donker west
691,Ed Sheeran,Castle on the Hill
692,Harry Styles,Sign of the Times
693,John Mayer,In the Blood
694,Lex Uiting,Nao â€™t Zuuje
695,Status Quo,"Roll Over Lay Down - Live At The Kursaal, Southend / 1975"
696,Imagine Dragons,Whatever It Takes
697,Chef'Special,Amigo
698,BÃ¶kkers,Iederene Hef Een Reden
699,Arcade Fire,Everything Now
700,Nothing But Thieves,Sorry
701,Linkin Park,One More Light
702,Spandau Ballet,Through the Barricades - Remastered
703,George Michael,Freedom! '90 - Remastered
704,Nothing But Thieves,Amsterdam
705,The Chainsmokers,Something Just Like This
706,Imagine Dragons,Thunder
707,The War On Drugs,Thinking Of A Place
708,Ed Sheeran,Happier
709,Ed Sheeran,Galway Girl
710,Armin van Buuren,Sunny Days
711,Ed Sheeran,Supermarket Flowers
712,Green Day,Holiday
713,Paolo Conte,Max
714,The Sugarhill Gang,Rapper's Delight
715,The War On Drugs,Pain
716,Neil Diamond,Love On The Rocks
717,The Moody Blues,Tuesday Afternoon (Forever Afternoon)
718,Elbow,Magnificent (She Says)
719,Chef'Special,Nicotine
720,Dua Lipa,Homesick
721,P!nk,Beautiful Trauma
722,Bastille,World Gone Mad
723,Tom Walker,Leave a Light On
724,Rag'n'Bone Man,Skin
725,LP,Lost on You
726,Lady Gaga,Shallow
727,Andre Hazes,Kleine Jongen
728,Davina Michelle,Duurt Te Lang
729,Queen,I Want To Break Free
730,"Earth, Wind & Fire",September
731,Frans Halsema,Voor Haar
732,Boudewijn de Groot,Testament
733,Helene Fischer,Atemlos durch die Nacht
734,Andre Hazes,Zij Gelooft In Mij
735,Boudewijn de Groot,Verdronken Vlinder
736,Suzan & Freek,Als Het Avond Is
737,Andre Hazes,De Vlieger
738,Andre Hazes,Geef Mij Je Angst
739,Imagine Dragons,Natural
740,Nielson,IJskoud
741,Boudewijn de Groot,Welterusten Mijnheer De President
742,Boudewijn de Groot,Jimmy
743,Imagine Dragons,Bad Liar
744,Ramses Shaffy,Sammy
745,Panic! At The Disco,High Hopes
746,Boudewijn de Groot,Het Land Van Maas En Waal
747,George Ezra,Shotgun
748,John Mayer,New Light
749,Lauren Daigle,You Say
750,Andre Hazes,Een Beetje Verliefd
751,Lewis Capaldi,Someone You Loved
752,Rob De Nijs,Banger Hart - Radio Mix
753,Rob De Nijs,Malle Babbe
754,Frans Halsema,Vluchten Kan Niet Meer
755,Alan Walker,Faded
756,Martin Garrix,High On Life (feat. Bonn)
757,Andre Hazes,Het Is Koud Zonder Jou
758,Andre Hazes,N Vriend
759,Lady Gaga,Always Remember Us This Way
760,Boudewijn de Groot,Een Meisje Van Zestien
761,Beth Hart,Why Don't You Do Right
762,Diggy Dex,De Zon Op
763,5 Seconds of Summer,Youngblood
764,Boudewijn de Groot,Prikkebeen
765,Waylon,Outlaw In 'Em
766,Boudewijn de Groot,Als De Rook Om Je Hoofd Is Verdwenen
767,Spider Murphy Gang,Skandal im Sperrbezirk
768,The Teskey Brothers,Pain and Misery
769,Douwe Bob,I Do
770,Andre Hazes,Het Laatste Rondje - Remastered
771,Mumford & Sons,Guiding Light
772,Camila Cabello,Havana (feat. Young Thug)
773,BLÃ˜F,Hou Vol Hou Vast
774,Calvin Harris,One Kiss (with Dua Lipa)
775,Mark Ronson,Nothing Breaks Like a Heart (feat. Miley Cyrus)
776,Ilse DeLange,Lay Your Weapons Down
777,Shawn Mendes,In My Blood
778,Danny Vera,Roller Coaster
779,Duncan Laurence,Arcade
780,Procol Harum,A Whiter Shade of Pale - Original Single Version
781,Simple Minds,Don't You (Forget About Me)
782,Jackson Browne,The Load-Out - Remastered
783,Jackson Browne,Stay - Remastered
784,Wham!,Last Christmas
785,White Lies,Time To Give
786,Billie Eilish,bad guy
787,Maroon 5,Memories
788,Killing Joke,Love Like Blood
789,Snelle,ReÃ¼nie
790,Nirvana,About A Girl - Live Version
791,Rammstein,DEUTSCHLAND
792,Floor Jansen,Phantom Of The Opera
793,Tones and I,Dance Monkey
794,Suzan & Freek,Blauwe Dag
795,Procol Harum,Homburg - Single Version - 2009 Remaster - Mono
796,Kensington,Uncharted
797,Luis Fonsi,Despacito
798,Calum Scott,Dancing On My Own
799,Deep Purple,Child in Time
800,The Beatles,Let It Be - Remastered 2009
801,Simon & Garfunkel,Bridge Over Troubled Water
802,Black Sabbath,Paranoid - 2016 Remaster
803,Creedence Clearwater Revival,Have You Ever Seen The Rain
804,Elton John,Your Song
805,Simon & Garfunkel,The Boxer
806,Peter Maffay,Du
807,Johnny Cash,I Walk the Line
808,Santana,Samba Pa Ti
809,Led Zeppelin,Immigrant Song - Remaster
810,Creedence Clearwater Revival,Who'll Stop The Rain
811,"Crosby, Stills, Nash & Young",Our House
812,"Crosby, Stills, Nash & Young",Teach Your Children
813,The Beatles,The Long And Winding Road - Remastered 2009
814,Yusuf / Cat Stevens,Father And Son
815,"Crosby, Stills, Nash & Young",Almost Cut My Hair
816,Simon & Garfunkel,El Condor Pasa (If I Could)
817,The Moody Blues,Question
818,Creedence Clearwater Revival,I Heard It Through The Grapevine
819,Led Zeppelin,Since I've Been Loving You - 1990 Remaster
820,The Beatles,Get Back - Remastered 2009
821,David Bowie,The Man Who Sold the World - 2015 Remaster
822,Creedence Clearwater Revival,Long As I Can See The Light
823,The Doors,Roadhouse Blues
824,George Harrison,My Sweet Lord
825,Earth & Fire,Memories
826,Simon & Garfunkel,Cecilia
827,James Taylor,Fire and Rain
828,Creedence Clearwater Revival,Lookin' Out My Back Door
829,Chicago,25 or 6 to 4 - 2002 Remaster
830,John Lennon,Working Class Hero - Remastered 2010 / Lennon Legend Version
831,"Emerson, Lake & Palmer",Lucky Man - 2012 Remastered Version
832,Van Morrison,Into the Mystic - 2013 Remaster
833,"Crosby, Stills, Nash & Young",Carry On
834,Carpenters,(They Long To Be) Close To You
835,Curtis Mayfield,Move On Up
836,The Beach Boys,Tears In The Morning - Remastered 2009
837,Creedence Clearwater Revival,Up Around The Bend
838,Neil Young,Southern Man - 2009 Remaster
839,Led Zeppelin,Stairway to Heaven - Remaster
840,John Lennon,Imagine - Remastered
841,The Doors,Riders on the Storm
842,Pink Floyd,Echoes
843,Don McLean,Vincent
844,Janis Joplin,Me and Bobby McGee
845,The Who,Baba O'Riley
846,David Bowie,Life on Mars? - 2015 Remaster
847,Neil Diamond,I Am...I Said - Single Version
848,Bill Withers,Ain't No Sunshine
849,The Rolling Stones,Wild Horses
850,The Doors,L.A. Woman
851,Marvin Gaye,What's Going On
852,Alice Cooper,Halo of Flies
853,Don McLean,American Pie
854,Elton John,Tiny Dancer
855,Yusuf / Cat Stevens,Morning Has Broken
856,The Cats,One Way Wind
857,Pink Floyd,One of These Days
858,Gilbert O'Sullivan,Nothing Rhymed
859,The Rolling Stones,Brown Sugar - Remastered
860,Carole King,You've Got a Friend
861,Jethro Tull,Locomotive Breath
862,Golden Earring,She Flies On Strange Wings
863,David Bowie,Changes - 2015 Remaster
864,Janis Joplin,Mercedes Benz
865,The Rolling Stones,Honky Tonk Women - Mono Version
866,James Taylor,You've Got a Friend
867,Janis Joplin,Cry Baby
868,Earth & Fire,Storm And Thunder
869,Yes,Roundabout - 2003 Remaster
870,Rod Stewart,Maggie May
871,The Who,Won't Get Fooled Again - Original Album Version
872,J.J. Cale,After Midnight
873,The Buoys,Give Up Your Guns
874,The Doors,Love Her Madly
875,Led Zeppelin,Rock and Roll - Remaster
876,Led Zeppelin,Black Dog - Remaster
877,J.J. Cale,Call Me The Breeze
878,Leonard Cohen,Famous Blue Raincoat
879,The Who,Behind Blue Eyes
880,Yes,Yours Is No Disgrace - 2003 Remaster
881,Pink Floyd,See Emily Play
882,Deep Purple,Smoke on the Water
883,Lou Reed,Perfect Day
884,Elton John,"Rocket Man (I Think It's Going To Be A Long, Long Time)"
885,Neil Young,Heart of Gold - 2009 Remaster
886,David Bowie,Starman - 2012 Remaster
887,Eagles,Take It Easy - 2013 Remaster
888,America,A Horse with No Name
889,Jim Croce,Time In A Bottle
890,The Kinks,Lola - Live
891,Uriah Heep,Easy Livin'
892,Michael Jackson,Ben - Single Version
893,Lou Reed,Walk On the Wild Side
894,The Rolling Stones,She's A Rainbow - Full Version / With Intro
895,Carly Simon,You're so Vain
896,David Bowie,Ziggy Stardust - 2012 Remaster
897,Thin Lizzy,Whiskey In The Jar
898,The Doobie Brothers,Listen to the Music
899,Carpenters,Top Of The World
900,Alice Cooper,School's Out
901,Johnny Cash,A Thing Called Love
902,Neil Young,Harvest - 2009 Remaster
903,Dr. Hook,Sylvia's Mother
904,Yes,"Close to the Edge (i. The Solid Time of Change, ii. Total Mass Retain, iii. I Get up I Get Down, iv. Seasons of Man) - 2003 Remaster"
905,America,Ventura Highway
906,Eagles,Witchy Woman - Eagles 2013 Remaster
907,Neil Diamond,Song Sung Blue - Single Version
908,Focus,Sylvia
909,Eagles,Peaceful Easy Feeling - Eagles 2013 Remaster
910,Steely Dan,Do It Again
911,Golden Earring,Radar Love
912,The Rolling Stones,Angie
913,Eagles,Desperado - 2013 Remaster
914,Aerosmith,Dream On
915,Pink Floyd,Time
916,Lynyrd Skynyrd,Free Bird
917,Pink Floyd,Money
918,Elvis Presley,Always On My Mind
919,Pink Floyd,The Great Gig in the Sky
920,ZZ Top,La Grange - 2005 Remaster
921,John Denver,"Leaving, On a Jet Plane - ""Greatest Hits"" Version"
922,Pink Floyd,Us and Them
923,Genesis,Firth of Fifth - New Stereo Mix
924,Paul McCartney,Band On The Run - Remastered 2010
925,Steve Harley & Cockney Rebel,Sebastian - 2012 Remaster
926,Eagles,Tequila Sunrise - 2013 Remaster
927,Bob Dylan,Knockin' On Heaven's Door - Remastered
928,Elvis Presley,Burning Love
929,Elton John,Goodbye Yellow Brick Road - Remastered 2014
930,Gladys Knight & The Pips,Midnight Train to Georgia
931,Elton John,Daniel
932,Steve Miller Band,The Joker
933,The Doobie Brothers,Long Train Runnin'
934,Jim Croce,I'll Have To Say I Love You In A Song
935,David Bowie,The Jean Genie - 2013 Remaster
936,Slade,Merry Xmas Everybody
937,Deep Purple,Woman from Tokyo
938,The Beatles,Don't Let Me Down - Remastered 2009
939,Marvin Gaye,Let's Get It On
940,Supertramp,School
941,Dolly Parton,Jolene
942,Queen,Killer Queen - 2011 Mix
943,Lynyrd Skynyrd,Sweet Home Alabama
944,ABBA,Waterloo
945,John Denver,Annie's Song
946,Supertramp,Dreamer
947,Joe Cocker,You Are So Beautiful
948,Elvis Presley,My Boy
949,David Bowie,Rebel Rebel - 2016 Remaster
950,Supertramp,Crime Of The Century
951,Kraftwerk,Autobahn - 2009 Remaster
952,Dolly Parton,I Will Always Love You
953,John Denver,Thank God I'm a Country Boy
954,The Hollies,The Air That I Breathe - 2008 Remaster
955,Roger Glover,Love Is All
956,Supertramp,Hide In Your Shell
957,Reinhard Mey,Gute Nacht Freunde
958,Sweet,Fox On The Run
959,Bachman-Turner Overdrive,You Ain't Seen Nothing Yet
960,Barry Manilow,Mandy
961,Electric Light Orchestra,Can't Get It out of My Head
962,Barbra Streisand,The Way We Were
963,Queen,Bohemian Rhapsody - 2011 Mix
964,Queen,Love Of My Life - Remastered 2011
965,Pink Floyd,Shine On You Crazy Diamond (Pts. 1-5)
966,Bruce Springsteen,Born to Run
967,Led Zeppelin,Kashmir - 1990 Remaster
968,Bob Marley & The Wailers,"No Woman, No Cry - Live At The Lyceum, London/1975"
969,Eagles,One of These Nights - 2013 Remaster
970,ABBA,Mamma Mia
971,Fleetwood Mac,Landslide
972,Bruce Springsteen,Thunder Road
973,10cc,I'm Not In Love
974,Fleetwood Mac,Rhiannon
975,Eagles,Lyin' Eyes - 2013 Remaster
976,Queen,You're My Best Friend - Remastered 2011
977,Bruce Springsteen,Jungleland
978,Nazareth,Love Hurts
979,Status Quo,Down Down
980,Rod Stewart,Sailing
981,Queen,39 - 2011 Mix
982,John Denver,Calypso
983,Paul Simon,50 Ways to Leave Your Lover
984,Little River Band,It's A Long Way There - 2010 Digital Remaster
985,Heart,Crazy On You
986,Ramses Shaffy,Wij Zullen Doorgaan - 1975 Single Version
987,Steve Harley,Make Me Smile (Come up and See Me) - 2014 Remaster
988,Lucifer,House For Sale
989,ABBA,S.O.S.
990,Bee Gees,Nights On Broadway
991,Janis Ian,At Seventeen - Remastered
992,Eagles,Take It to the Limit - 2013 Remaster
993,David Bowie,Fame - 2016 Remaster
994,James Brown,Sex Machine - Pt. 1 & 2
995,Peter Frampton,Show Me The Way
996,Bruce Springsteen,Meeting Across the River
997,Roxy Music,Love Is The Drug
998,Paul Simon,Still Crazy After All These Years
999,Eagles,Hotel California - 2013 Remaster
1000,Queen,Somebody To Love - 2011 Mix
1001,ABBA,Dancing Queen
1002,Eagles,The Last Resort - 2013 Remaster
1003,Bob Dylan,Hurricane
1004,Boston,More Than a Feeling
1005,Blue Ã–yster Cult,(Don't Fear) The Reaper
1006,Eagles,New Kid in Town - 2013 Remaster
1007,Chicago,If You Leave Me Now
1008,David Bowie,Wild Is the Wind - 2016 Remaster
1009,Queen,Tie Your Mother Down - Remastered 2011
1010,ABBA,Fernando
1011,ABBA,"Knowing Me, Knowing You"
1012,The Rolling Stones,Fool To Cry - Remastered 2009
1013,Kansas,Carry on Wayward Son
1014,Billy Joel,New York State of Mind
1015,David Bowie,Golden Years - 2016 Remaster
1016,Stevie Wonder,Isn't She Lovely
1017,Stevie Wonder,I Wish
1018,Tom Waits,Tom Traubert's Blues (Four Sheets To The Wind In Copenhagen)
1019,Thin Lizzy,The Boys Are Back In Town
1020,Electric Light Orchestra,Livin' Thing
1021,Stevie Wonder,Sir Duke
1022,Ramones,Blitzkrieg Bop - 2016 Remaster
1023,Steve Miller Band,Fly Like An Eagle
1024,Manfred Mann's Earth Band,Blinded By The Light
1025,J.J. Cale,Cocaine
1026,Sweet,The Ballroom Blitz
1027,ABBA,"Money, Money, Money"
1028,Eagles,Wasted Time - 2013 Remaster
1029,Diana Ross,Theme From Mahogany (Do You Know Where You're Going To) - Single Version
1030,David Bowie,Heroes - 2017 Remaster
1031,Meat Loaf,Paradise By the Dashboard Light
1032,Fleetwood Mac,Go Your Own Way - 2004 Remaster
1033,Electric Light Orchestra,Mr. Blue Sky
1034,Supertramp,Fool's Overture
1035,AC/DC,Whole Lotta Rosie
1036,Queen,We Will Rock You - Remastered
1037,Fleetwood Mac,The Chain - 2004 Remaster
1038,Bob Marley & The Wailers,Three Little Birds
1039,Queen,We Are The Champions - Remastered 2011
1040,Billy Joel,She's Always a Woman
1041,The Mark & Clark Band,Worn Down Piano
1042,Kansas,Dust in the Wind
1043,Meat Loaf,Bat Out of Hell
1044,Peter Gabriel,Solsbury Hill
1045,ABBA,Thank You For The Music
1046,Eric Clapton,Wonderful Tonight
1047,Iggy Pop,Lust For Life
1048,Santana,She's Not There
1049,Bee Gees,Stayin' Alive
1050,Talking Heads,Psycho Killer - 2005 Remaster
1051,"Earth, Wind & Fire",Fantasy
1052,Fleetwood Mac,Songbird - 2004 Remaster
1053,AC/DC,Let There Be Rock
1054,Fleetwood Mac,Don't Stop - 2004 Remaster
1055,Donna Summer,I Feel Love
1056,Iggy Pop,The Passenger
1057,Rob De Nijs,Het Werd Zomer
1058,ABBA,Take A Chance On Me
1059,Supertramp,Give A Little Bit
1060,David Bowie,Sound and Vision - 2017 Remaster
1061,Queen,Spread Your Wings - 2011 Mix
1062,Meat Loaf,You Took The Words Right Out of My Mouth (Hot Summer Night)
1063,Meat Loaf,Two Out of Three Ain't Bad
1064,Eric Clapton,Cocaine
1065,Heart,Barracuda
1066,Bob Marley & The Wailers,One Love / People Get Ready - Medley
1067,Foreigner,Cold as Ice
1068,ABBA,The Name Of The Game
1069,Muddy Waters,Mannish Boy
1070,Cheap Trick,I Want You to Want Me
1071,Billy Joel,Scenes from an Italian Restaurant
1072,Sex Pistols,God Save the Queen
1073,Grace Jones,La vie en rose
1074,Mink DeVille,Spanish Stroll
1075,CHIC,Le Freak - 2018 Remaster
1076,Bill Withers,Lovely Day
1077,The Babys,Isn't It Time
1078,Billy Joel,Just the Way You Are
1079,Sex Pistols,Anarchy in the U.K.
1080,Fleetwood Mac,You Make Loving Fun - 2004 Remaster
1081,Dire Straits,Sultans of Swing
1082,Queen,Don't Stop Me Now - 2011 Mix
1083,Ramses Shaffy,Laat Me
1084,Kate Bush,Wuthering Heights
1085,Herman Brood & His Wild Romance,Saturday Night
1086,The Police,Roxanne
1087,TOTO,Hold the Line
1088,Kate Bush,The Man with the Child in His Eyes
1089,Bruce Springsteen,Badlands
1090,Gerry Rafferty,Baker Street
1091,10cc,Dreadlock Holiday
1092,Queen,Fat Bottomed Girls - Single Version
1093,Van Halen,Runnin' with the Devil - 2015 Remaster
1094,Queen,Bicycle Race - Remastered 2011
1095,Genesis,Follow You Follow Me - 2007 Remaster
1096,The Police,So Lonely
1097,Alice Cooper,How You Gonna See Me Now
1098,The Rolling Stones,Miss You - Remastered
1099,Bob Marley & The Wailers,"Stir It Up - Live At The Pavillon De Paris, 1977"
1100,Bob Marley & The Wailers,Is This Love
1101,Patti Smith,Because the Night
1102,The Doobie Brothers,What a Fool Believes
1103,Herman Brood & His Wild Romance,Still Believe
1104,Boney M.,Rivers of Babylon
1105,Boston,Don't Look Back
1106,The Rolling Stones,Beast Of Burden - Remastered
1107,Billy Joel,Honesty
1108,Patrick Hernandez,Born to Be Alive - Original Mix 79
1109,The Pointer Sisters,Fire
1110,Neil Diamond,You Don't Bring Me Flowers
1111,Dire Straits,Water of Love
1112,Pink Floyd,Comfortably Numb
1113,AC/DC,Highway to Hell
1114,Pink Floyd,"Another Brick in the Wall, Pt. 2"
1115,Bette Midler,The Rose
1116,Supertramp,The Logical Song - Remastered 2010
1117,KISS,I Was Made For Lovin' You
1118,ABBA,Gimme! Gimme! Gimme! (A Man After Midnight)
1119,The Police,Message In A Bottle
1120,Pink Floyd,Hey You
1121,Madness,One Step Beyond
1122,ABBA,Chiquitita
1123,ABBA,Does Your Mother Know
1124,Bee Gees,How Deep Is Your Love
1125,Art Garfunkel,Bright Eyes
1126,Supertramp,Take The Long Way Home - 2010 Remastered
1127,Supertramp,Breakfast In America - Remastered
1128,ABBA,I Have A Dream
1129,"Earth, Wind & Fire",Boogie Wonderland
1130,The Cure,Boys Don't Cry - Single Version
1131,ABBA,Voulez-Vous
1132,Neil Diamond,September Morn
1133,Donna Summer,MacArthur Park - Single Version
1134,Michael Jackson,Don't Stop 'Til You Get Enough - Single Version
1135,The Clash,London Calling - Remastered
1136,Madness,Night Boat to Cairo
1137,Supertramp,Goodbye Stranger - 2010 Remastered
1138,The Police,Walking On The Moon
1139,Electric Light Orchestra,Don't Bring Me Down
1140,Bee Gees,Tragedy
1141,Michael Jackson,Off the Wall
1142,Fischer-Z,The Worker
1143,KISS,Sure Know Something
1144,Dan Hartman,Relight My Fire - Single Version
1145,Golden Earring,Weekend Love
1146,Bee Gees,"More Than A Woman - From ""Saturday Night Fever"" Soundtrack"
1147,Michael Jackson,Rock with You - Single Version
1148,Earth & Fire,Weekend
1149,Frank Zappa,Dancin' Fool
1150,Ellen Foley,We Belong to the Night
1151,Diesel,Sausolito Summernight - Digitally Remastered 2017
1152,Bruce Springsteen,The River
1153,The Cure,A Forest - Remastered Version
1154,ABBA,The Winner Takes It All
1155,MotÃ¶rhead,Ace of Spades
1156,Queen,Another One Bites The Dust - Remastered 2011
1157,AC/DC,Back In Black
1158,Dire Straits,Romeo and Juliet
1159,Bob Marley & The Wailers,Redemption Song
1160,AC/DC,You Shook Me All Night Long
1161,Queen,Crazy Little Thing Called Love - Remastered 2011
1162,ABBA,Lay All Your Love On Me
1163,Golden Earring,Long Blond Animal
1164,The Blues Brothers,Think
1165,Talking Heads,Once in a Lifetime - 2005 Remaster
1166,The Alan Parsons Project,The Turn of a Friendly Card
1167,Fischer-Z,So Long
1168,Dire Straits,Tunnel of Love (Intro: The Carousel Waltz)
1169,ABBA,Happy New Year
1170,David Bowie,Ashes to Ashes - 2017 Remaster
1171,Rob De Nijs,Foto Van Vroeger
1172,Bob Marley & The Wailers,Could You Be Loved
1173,Dolly Parton,9 to 5
1174,The Blues Brothers,Everybody Needs Somebody to Love
1175,ABBA,Super Trouper
1176,Queen,Save Me - Remastered 2011
1177,REO Speedwagon,Keep on Loving You
1178,Barbra Streisand,Woman in Love
1179,Rush,The Spirit Of Radio
1180,Madness,Baggy Trousers
1181,Bruce Springsteen,Hungry Heart
1182,Barbra Streisand,Guilty (feat. Barry Gibb)
1183,Peter Gabriel,Biko
1184,UB40,Food For Thought
1185,Paul Simon,Late in the Evening
1186,Orchestral Manoeuvres In The Dark,Enola Gay - Remastered
1187,Stevie Wonder,Master Blaster (Jammin')
1188,The Police,Don't Stand So Close To Me
1189,Pink Floyd,Wish You Were Here
1190,Phil Collins,In The Air Tonight - 2015 Remastered
1191,Journey,Don't Stop Believin'
1192,ABBA,The Day Before You Came
1193,The Stranglers,Golden Brown
1194,The Police,Every Little Thing She Does Is Magic
1195,The Rolling Stones,Start Me Up - Remastered
1196,ABBA,One Of Us
1197,The Rolling Stones,Waiting On A Friend - Remastered 2009
1198,Soft Cell,Tainted Love
1199,Barbra Streisand,Memory
1200,The Babys,Everytime I Think of You - 2000 Remaster
1201,The Human League,Don't You Want Me
1202,Jon & Vangelis,I'll Find My Way Home - Remastered
1203,Drukwerk,Je Loog Tegen Mij
1204,TOTO,Africa
1205,Dire Straits,Telegraph Road
1206,Queen,Under Pressure - Remastered
1207,The Alan Parsons Project,Old and Wise
1208,Dire Straits,Private Investigations
1209,Michael Jackson,Billie Jean
1210,Iron Maiden,Run to the Hills - 2015 Remaster
1211,Golden Earring,Twilight Zone
1212,The Alan Parsons Project,Eye In The Sky
1213,TOTO,Rosanna
1214,Joe Jackson,Is She Really Going Out With Him? - Live
1215,De Dijk,Bloedend Hart
1216,Het Goede Doel,Belgie ... (Is Er Leven Op Pluto ...)
1217,Prince,1999
1218,Dolly Parton,Islands In the Stream
1219,Joe Jackson,Real Men
1220,Dexys Midnight Runners,Come On Eileen
1221,BAP,Kristallnaach
1222,Donna Summer,State of Independence
1223,Phil Collins,You Can't Hurry Love - 2016 Remaster
1224,Vandenberg,Burning Heart
1225,Willie Nelson,Always On My Mind
1226,Marvin Gaye,Sexual Healing
1227,Het Goede Doel,Vriendschap
1228,Michael Jackson,Human Nature
1229,Duran Duran,Save a Prayer - 2009 Remaster
1230,The Clash,Should I Stay or Should I Go - Remastered
1231,Michael Jackson,P.Y.T. (Pretty Young Thing)
1232,Michael Jackson,Wanna Be Startin' Somethin'
1233,Supertramp,It's Raining Again
1234,Joe Jackson,Steppin' Out
1235,Joe Jackson,A Slow Song
1236,U2,Sunday Bloody Sunday - Remastered 2008
1237,The Police,Every Breath You Take
1238,Genesis,Mama - 2007 Remaster
1239,Nena,99 Luftballons
1240,Eurythmics,Sweet Dreams (Are Made of This) - Remastered
1241,Elton John,I'm Still Standing
1242,David Bowie,Let's Dance - 2018 Remaster
1243,David Bowie,China Girl - 2002 Remaster
1244,Yes,Owner of a Lonely Heart
1245,Simple Minds,Waterfront - 2002 Remaster
1246,Madness,Our House
1247,Depeche Mode,Just Can't Get Enough (Live in Hammersmith) - 2018 Remaster
1248,Split Enz,Message To My Girl
1249,Lionel Richie,Hello
1250,Stevie Ray Vaughan,Pride and Joy
1251,Billy Joel,Uptown Girl
1252,Marvin Gaye,I Heard It Through The Grapevine
1253,Nits,Nescio
1254,The The,Uncertain Smile
1255,Genesis,Home by the Sea - 2007 Remaster
1256,Clannad,Theme from Harry's Game
1257,Nena,Nur getrÃ¤umt
1258,U2,Gloria - Live
1259,Eurythmics,Here Comes the Rain Again - Remastered Version
1260,Cyndi Lauper,Girls Just Want to Have Fun
1261,Wham!,Club Tropicana
1262,Barbra Streisand,Papa Can You Hear Me?
1263,Culture Club,Karma Chameleon - Remastered
1264,Bob Marley & The Wailers,Buffalo Soldier
1265,Bette Midler,Beast of Burden
1266,Prince,Purple Rain
1267,Golden Earring,When The Lady Smiles
1268,Leonard Cohen,Hallelujah
1269,Bryan Adams,Summer Of '69
1270,Queen,Radio Ga Ga - 2011 Mix
1271,U2,The Unforgettable Fire - Remastered 2009
1272,U2,Bad - Remastered 2009
1273,Bruce Springsteen,I'm On Fire
1274,U2,Pride (In The Name Of Love) - Remastered 2009
1275,Metallica,Fade To Black (Remastered)
1276,Bruce Springsteen,Dancing In the Dark
1277,Alphaville,Forever Young
1278,Prince,When Doves Cry
1279,Foreigner,I Want to Know What Love Is - 1999 Remaster
1280,Bruce Springsteen,Born in the U.S.A.
1281,Ultravox,Vienna
1282,Bruce Springsteen,My Hometown
1283,Talking Heads,Slippery People - Live
1284,Frankie Goes To Hollywood,The Power Of Love
1285,Don Henley,The Boys Of Summer
1286,Tina Turner,Private Dancer - 2015 Remaster
1287,Philip Bailey,Easy Lover
1288,Joe Jackson,Be My Number Two
1289,The Blue Nile,Tinseltown in the Rain
1290,Bruce Springsteen,Glory Days
1291,Talk Talk,It's My Life - 1997 Remaster
1292,Bryan Adams,Heaven
1293,Bronski Beat,Smalltown Boy
1294,Prince,I Would Die 4 U
1295,Queen,Thank God It's Christmas - 2011 Remaster
1296,Prince,Let's Go Crazy
1297,Wham!,Wake Me up Before You Go-Go
1298,Lee Towers,You'll Never Walk Alone
1299,Bryan Adams,Run To You
1300,John Denver,Perhaps Love
1301,The Alan Parsons Project,Don't Answer Me
1302,Japan,Nightporter
1303,Alphaville,Big in Japan
1304,Frankie Goes To Hollywood,Relax
1305,Frankie Goes To Hollywood,Two Tribes
1306,Ultravox,Dancing with Tears in My Eyes
1307,Foreigner,That Was Yesterday
1308,The Smiths,How Soon Is Now? - 2011 Remaster
1309,Bruce Springsteen,No Surrender
1310,Dire Straits,Brothers in Arms
1311,Falco,Jeanny
1312,Dire Straits,Money for Nothing
1313,Frank Boeijen Groep,Kronenburg Park
1314,Dire Straits,Walk of Life
1315,a-ha,Take on Me
1316,De Dijk,Groot Hart
1317,Simple Minds,Alive And Kicking
1318,Simply Red,Holding Back the Years - 2008 Remaster
1319,Kate Bush,Running Up That Hill (A Deal With God)
1320,Kate Bush,Cloudbusting
1321,De Dijk,Binnen Zonder Kloppen
1322,Elton John,Nikita
1323,Tears For Fears,Everybody Wants To Rule The World
1324,Survivor,Eye of the Tiger
1325,Sting,Russians
1326,David Bowie,Dancing in the Street - 2002 Remaster
1327,Prince,Raspberry Beret
1328,Dire Straits,Your Latest Trick
1329,Talking Heads,Road to Nowhere
1330,Dire Straits,Why Worry
1331,The Cure,Close to Me - Remastered
1332,Dire Straits,So Far Away
1333,Mr. Mister,Broken Wings
1334,Tears For Fears,Shout
1335,Chris Rea,Josephine
1336,Whitney Houston,Greatest Love of All
1337,The Cure,In Between Days - 2006 Remaster
1338,UB40,I Got You Babe
1339,Sting,Moon Over Bourbon Street
1340,U.S.A. For Africa,We Are The World
1341,Gary Moore,Out In The Fields
1342,a-ha,Hunting High and Low
1343,Phil Collins,Take Me Home - 2016 Remaster
1344,Metallica,Master of Puppets (Remastered)
1345,Slayer,Angel Of Death
1346,Bon Jovi,Livin' On A Prayer
1347,Paul Simon,Graceland
1348,Peter Gabriel,Don't Give Up - 2012 Remaster
1349,Prince,Sometimes It Snows in April
1350,Queen,A Kind Of Magic - Remastered 2011
1351,Europe,The Final Countdown
1352,Frank Boeijen Groep,De Verzoening
1353,Elvis Costello & The Attractions,I Want You
1354,Paul Simon,You Can Call Me Al
1355,Crowded House,Don't Dream It's Over
1356,Genesis,Land of Confusion - 2007 Remaster
1357,Talk Talk,Life's What You Make It - 1997 Remaster
1358,The Smiths,There Is a Light That Never Goes Out - 2011 Remaster
1359,Bon Jovi,You Give Love A Bad Name
1360,Chris de Burgh,The Lady In Red
1361,Queen,One Vision - Remastered 2011
1362,Paul Simon,Diamonds on the Soles of Her Shoes
1363,David Bowie,Absolute Beginners - 2002 Remaster
1364,Queen,Friends Will Be Friends - Remastered 2011
1365,Prince,Kiss
1366,Clannad,In A Lifetime
1367,Bon Jovi,Wanted Dead Or Alive
1368,Cyndi Lauper,True Colors
1369,The Smiths,Bigmouth Strikes Again - 2011 Remaster
1370,Herman van Veen,Anne
1371,Joe Cocker,You Can Leave Your Hat On
1372,Talk Talk,Living in Another World - 1997 Remaster
1373,Bruce Springsteen,"Fire - Live at the Winterland, San Francisco, CA - December 1978"
1374,Peter Gabriel,Sledgehammer - 2012 Remaster
1375,The Communards,Don't Leave Me This Way (with Sarah Jane Morris)
1376,Bruce Hornsby,The Way It Is
1377,Runâ€“D.M.C.,Walk This Way (feat. Aerosmith)
1378,TOTO,I'll Be Over You
1379,Van Halen,Why Can't This Be Love
1380,Peter Gabriel,In Your Eyes - 2012 Remaster
1381,Beastie Boys,Fight For Your Right
1382,Paul Simon,Homeless (with Ladysmith Black Mambazo)
1383,Madonna,Live to Tell
1384,Pet Shop Boys,West End Girls - 2001 Remaster
1385,Genesis,Invisible Touch - 2007 Remaster
1386,Klein Orkest,Over De Muur
1387,Guns N' Roses,Sweet Child O' Mine
1388,U2,With Or Without You - Remastered
1389,U2,Where The Streets Have No Name - Remastered
1390,U2,I Still Haven't Found What I'm Looking For
1391,Guns N' Roses,Paradise City
1392,Sting,Fragile
1393,Sting,Englishman In New York
1394,SinÃ©ad O'Connor,Troy
1395,Guns N' Roses,Welcome To The Jungle
1396,Bruce Springsteen,Tougher Than the Rest
1397,Michael Jackson,Smooth Criminal - 2012 Remaster
1398,Guns N' Roses,Patience
1399,Fleetwood Mac,Everywhere - 2017 Remaster
1400,U2,I Will Follow - Live
1401,Heart,Alone
1402,Prince,Sign 'O' the Times
1403,Nits,In the Dutch Mountains
1404,INXS,Never Tear Us Apart
1405,Whitesnake,Here I Go Again - 2018 Remaster
1406,Herman van Veen,Liefde Van Later
1407,Joe Cocker,Unchain My Heart
1408,Ã‰dith Piaf,"Non, je ne regrette rien"
1409,Rick Astley,Never Gonna Give You Up
1410,U2,Running To Stand Still
1411,Whitney Houston,I Wanna Dance with Somebody (Who Loves Me)
1412,John Hiatt,Have A Little Faith In Me
1413,Herman van Veen,Suzanne
1414,Michael Jackson,The Way You Make Me Feel - 2012 Remaster
1415,R.E.M.,The One I Love - Remastered
1416,Michael Jackson,Bad - 2012 Remaster
1417,The Shadows,Apache
1418,Prince,The Cross
1419,Suzanne Vega,Luka
1420,Fleetwood Mac,Seven Wonders - 2017 Remaster
1421,Level 42,Lessons In Love
1422,Bruce Springsteen,Brilliant Disguise
1423,Pet Shop Boys,It's a Sin - 2001 Remaster
1424,U2,Bullet The Blue Sky
1425,Black,Wonderful Life
1426,R.E.M.,It's The End Of The World As We Know It (And I Feel Fine)
1427,Whitesnake,Is This Love - 2018 Remaster
1428,Klein Orkest,Laat Mij Maar Alleen
1429,Bee Gees,You Win Again
1430,Michael Jackson,Liberian Girl - 2012 Remastered Version
1431,Frank Boeijen Groep,Winter in Hamburg
1432,Metallica,One (Remastered)
1433,Tracy Chapman,Fast Car
1434,Fleetwood Mac,Dreams
1435,Fleetwood Mac,Sara
1436,TOTO,Stop Loving You
1437,Iron Maiden,Can I Play with Madness - 2015 Remaster
1438,Tina Turner,Tonight (With David Bowie) - Live
1439,Fleetwood Mac,Tusk
1440,Orchestral Manoeuvres In The Dark,Maid Of Orleans
1441,Melissa Etheridge,Like The Way I Do
1442,Fleetwood Mac,Little Lies
1443,Frank Boeijen Groep,Zwart Wit
1444,U2,All I Want Is You
1445,Leonard Cohen,Take This Waltz
1446,Eros Ramazzotti,Musica Ã¨
1447,U2,When Love Comes To Town
1448,Marianne Rosenberg,Ich bin wie du
1449,TOTO,Pamela
1450,Enya,Orinoco Flow
1451,Roxette,Listen to Your Heart
1452,The Pogues,Fairytale of New York (feat. Kirsty MacColl)
1453,Mike & The Mechanics,Living Years
1454,TOTO,Mushanga
1455,Tracy Chapman,Baby Can I Hold You
1456,Fleetwood Mac,Big Love
1457,U2,Angel Of Harlem
1458,Traveling Wilburys,Handle With Care
1459,Labi Siffre,(Something Inside) So Strong
1460,Crowded House,Into Temptation
1461,Tanita Tikaram,Twist in My Sobriety
1462,The Rolling Stones,Sympathy For The Devil
1463,Phil Collins,Another Day in Paradise - 2016 Remaster
1464,De Dijk,Niemand In De Stad
1465,Neil Young,Rockin' in the Free World
1466,Alice Cooper,Poison
1467,Queen,I Want It All - Remastered 2011
1468,De Dijk,Ik Kan Het Niet Alleen
1469,Billy Joel,Leningrad
1470,Van Morrison,Have I Told You Lately
1471,The Cure,Lullaby
1472,Tina Turner,The Best
1473,Queen,Breakthru - Remastered 2011
1474,Fleetwood Mac,Need Your Love So Bad
1475,Clouseau,Daar Gaat Ze
1476,Depeche Mode,Personal Jesus - Original Seven Inch Version
1477,UB40,Kingston Town
1478,Tears For Fears,Woman In Chains
1479,De Dijk,Nergens Goed Voor
1480,Phil Collins,I Wish It Would Rain Down - 2016 Remaster
1481,Simply Red,If You Don't Know Me by Now - 2008 Remaster
1482,Tom Petty,Free Fallin'
1483,Lenny Kravitz,Let Love Rule
1484,Faith No More,Epic
1485,Alannah Myles,Black Velvet
1486,Billy Joel,We Didn't Start the Fire
1487,Tears For Fears,Sowing The Seeds Of Love
1488,Don Henley,New York Minute
1489,Phil Collins,Something Happened on the Way to Heaven - 2016 Remaster
1490,The Cure,Lovesong
1491,Pixies,Monkey Gone to Heaven
1492,Queen,The Miracle - Remastered 2011
1493,Queen,The Invisible Man - Remastered 2011
1494,Cher,If I Could Turn Back Time
1495,The B-52's,Love Shack
1496,AC/DC,Thunderstruck
1497,Stef Bos,Papa
1498,Depeche Mode,Enjoy the Silence - Single Mix
1499,Gary Moore,Still Got The Blues
1500,Scorpions,Wind Of Change
1501,SinÃ©ad O'Connor,Nothing Compares 2 U
1502,QueensrÃ¿che,Silent Lucidity - Remastered/2003
1503,Talk Talk,Such a Shame
1504,Temple Of The Dog,Hunger Strike
1505,Iggy Pop,Candy
1506,Scorpions,Send Me An Angel
1507,Elton John,Don't Go Breaking My Heart
1508,Bee Gees,"Night Fever - From ""Saturday Night Fever"" Soundtrack"
1509,Extreme,More Than Words
1510,Roxette,"It Must Have Been Love - From the Film ""Pretty Woman"""
1511,Clouseau,Domino
1512,TrÃ¶ckener Kecks,Met Hart En Ziel
1513,Living Colour,Love Rears Its Ugly Head
1514,The Black Crowes,Hard To Handle
1515,Pearl Jam,Black
1516,Normaal,De Boer Is De Keerl
1517,Guns N' Roses,November Rain
1518,Metallica,Nothing Else Matters
1519,Nirvana,Smells Like Teen Spirit
1520,Queen,Innuendo - Remastered 2011
1521,Pearl Jam,Alive
1522,Metallica,Enter Sandman
1523,Queen,Who Wants To Live Forever - Remastered 2011
1524,Red Hot Chili Peppers,Under the Bridge
1525,Normaal,Deurdonderen
1526,Queen,The Show Must Go On - 2011 Mix
1527,R.E.M.,Losing My Religion
1528,Nirvana,Come As You Are
1529,Pearl Jam,Jeremy
1530,U2,One
1531,Guns N' Roses,Knockin' On Heaven's Door
1532,Metallica,The Unforgiven
1533,Queen,These Are The Days Of Our Lives - 2011 Remaster
1534,Nirvana,Lithium
1535,Mannenkoor Karrespoor,Lekker Op De Trekker ('n Boerinnen-Wervingslied)
1536,Guns N' Roses,Estranged
1537,Pearl Jam,Even Flow
1538,Queen,Hammer To Fall - Remastered 2011
1539,Metallica,Sad But True
1540,Al Stewart,Year of the Cat - 2001 Remaster
1541,Guns N' Roses,Don't Cry (Original)
1542,Bryan Adams,(Everything I Do) I Do It For You
1543,Ozzy Osbourne,No More Tears
1544,Ten Sharp,You
1545,Michael Jackson,Heal the World
1546,Rowwen HÃ¨ze,Bestel Mar (edit)
1547,Dire Straits,On Every Street
1548,Red Hot Chili Peppers,Give It Away
1549,Crowded House,Four Seasons In One Day
1550,Marc Cohn,Walking in Memphis
1551,Tom Petty and the Heartbreakers,Learning To Fly
1552,Guns N' Roses,Live And Let Die
1553,Nirvana,In Bloom - Nevermind Version
1554,Crowded House,Weather With You
1555,R.E.M.,Shiny Happy People
1556,Simply Red,Stars
1557,Queen,I'm Going Slightly Mad - Remastered 2011
1558,Al Stewart,On the Border - 2001 Remaster
1559,Prince,Diamonds and Pearls
1560,Genesis,I Can't Dance - 2007 Remaster
1561,Genesis,No Son of Mine - 2007 Remaster
1562,Bonnie Raitt,I Can't Make You Love Me
1563,Paul Young,Love of the Common People
1564,U2,Mysterious Ways
1565,Tina Turner,We Don't Need Another Hero (Thunderdome)
1566,Dire Straits,Calling Elvis
1567,Rage Against The Machine,Killing In The Name
1568,Iron Maiden,Fear of the Dark - 2015 Remaster
1569,Bon Jovi,Bed Of Roses
1570,R.E.M.,Everybody Hurts
1571,Marillion,Kayleigh
1572,Eric Clapton,"Layla - Acoustic; Live at MTV Unplugged, Bray Film Studios, Windsor, England, UK, 1/16/1992; 2013 Remaster"
1573,Whitney Houston,I Will Always Love You
1574,R.E.M.,Nightswimming
1575,Vangelis,Conquest of Paradise
1576,Alice In Chains,Would?
1577,The Cure,Friday I'm in Love
1578,ZZ Top,Sharp Dressed Man
1579,R.E.M.,Man On The Moon
1580,ZZ Top,Gimme All Your Lovin'
1581,4 Non Blondes,What's Up?
1582,Marillion,Lavender
1583,Stone Temple Pilots,Plush - 2017 Remaster
1584,Barry Ryan,Eloise
1585,Neil Young,Harvest Moon
1586,R.E.M.,Drive
1587,The Black Crowes,Remedy
1588,Otis Redding,I've Got Dreams to Remember
1589,House Of Pain,Jump Around
1590,Bruce Springsteen,Human Touch
1591,Paul de Leeuw,Vlieg Met Me Mee - Live
1592,Bon Jovi,In These Arms
1593,The Prodigy,Out Of Space
1594,R.E.M.,Find The River
1595,Whitney Houston,I Have Nothing
1596,Vitesse,Rosalyn
1597,Alice In Chains,Rooster
1598,Annie Lennox,Why
1599,SNAP!,Rhythm Is A Dancer
1600,Bon Jovi,Keep The Faith
1601,Blind Melon,No Rain
1602,Radiohead,Creep
1603,Tina Turner,Proud Mary
1604,Sting,Fields Of Gold
1605,ABBA,Eagle - Short Version
1606,The Cranberries,Linger
1607,Het Goede Doel,Alles Geprobeerd
1608,Meat Loaf,I'd Do Anything For Love (But I Won't Do That) - Single Edit
1609,Sting,Shape Of My Heart
1610,Gloria Gaynor,I Will Survive - Single Version
1611,Duran Duran,Ordinary World
1612,The Smashing Pumpkins,Disarm - Remastered
1613,Counting Crows,Mr. Jones
1614,Nirvana,Heart-Shaped Box
1615,Pearl Jam,Daughter (Remastered)
1616,Iron Butterfly,In-A-Gadda-Da-Vida - Single Version
1617,Valensia,Gaia
1618,Wings,Mull Of Kintyre - 1993 Digital Remaster
1619,Eros Ramazzotti,Cose della vita
1620,Lenny Kravitz,Are You Gonna Go My Way
1621,Tina Turner,What's Love Got to Do with It
1622,Pearl Jam,Rearviewmirror (Remastered)
1623,Laura Pausini,La solitudine
1624,Joe Cocker,Up Where We Belong
1625,Nirvana,Rape Me
1626,Counting Crows,Round Here
1627,The Jackson 5,I Want You Back
1628,The Fatal Flowers,Younger Days
1629,Nirvana,All Apologies
1630,The Cranberries,Zombie
1631,Jeff Buckley,Hallelujah
1632,The Amazing Stroopwafels,Oude Maasweg
1633,Live,Lightning Crashes
1634,Soundgarden,Black Hole Sun
1635,Nirvana,The Man Who Sold The World
1636,Green Day,Basket Case
1637,Nirvana,Where Did You Sleep Last Night
1638,Pink Floyd,High Hopes
1639,Seal,Kiss from a Rose
1640,Bon Jovi,Always
1641,Mariah Carey,All I Want for Christmas Is You
1642,Live,I Alone
1643,Beastie Boys,Sabotage
1644,Sade,Smooth Operator - Single Version
1645,Portishead,Glory Box
1646,Marco Borsato,Dromen Zijn Bedrog
1647,The Cranberries,Ode To My Family
1648,The Prodigy,No Good (Start the Dance) [Remastered]
1649,Green Day,When I Come Around
1650,Oasis,Live Forever - Remastered
1651,Crash Test Dummies,Mmm Mmm Mmm Mmm
1652,Hans De Booij,Annabel
1653,Nirvana,Polly
1654,Jeff Buckley,Grace
1655,Van Dik Hout,Stil In Mij
1656,Oasis,Wonderwall - Remastered
1657,Oasis,Don't Look Back In Anger - Remastered
1658,Bruce Springsteen,Streets of Philadelphia - Single Edit
1659,Michael Jackson,Earth Song
1660,Radiohead,Street Spirit (Fade Out)
1661,Michael Jackson,Man in the Mirror
1662,BLÃ˜F,Aan De Kust
1663,Michael Jackson,Beat It
1664,Marco Borsato,Margherita
1665,Andrea Bocelli,Vivo per lei
1666,Elton John,Circle Of Life
1667,Michael Jackson,They Don't Care About Us
1668,Oasis,Champagne Supernova - Remastered
1669,Paul Weller,You Do Something To Me
1670,Fools Garden,Lemon Tree
1671,Skunk Anansie,Weak
1672,Marco Borsato,Ik Leef Niet Meer Voor Jou
1673,Coolio,Gangsta's Paradise
1674,Andrea Bocelli,Con Te PartirÃ²
1675,No Doubt,Don't Speak
1676,Queen,Heaven For Everyone - Remastered 2011
1677,Radiohead,Fake Plastic Trees
1678,Queen,Too Much Love Will Kill You - 2011 Remaster
1679,The Smashing Pumpkins,1979 - Remastered 2012
1680,Roxy Music,Avalon
1681,Queen,You Don't Fool Me - Remastered 2011
1682,Elton John,Can You Feel The Love Tonight
1683,2Pac,Dear Mama
1684,Therapy?,Diane
1685,Michael Jackson,Stranger in Moscow
1686,Elvis Presley,An American Trilogy
1687,Bruce Springsteen,Secret Garden
1688,The Smashing Pumpkins,"Tonight, Tonight - Remastered 2012"
1689,The Smashing Pumpkins,Bullet With Butterfly Wings - Remastered 2012
1690,Queen,A Winter's Tale - 2011 Remaster
1691,Prince,Gold
1692,Radiohead,High And Dry
1693,Simply Red,Fairground
1694,Boudewijn de Groot,Avond
1695,Charles Aznavour,She - Tous les visages de lâ€™amour
1696,Faithless,Insomnia
1697,George Michael,Jesus to a Child
1698,Men At Work,Down Under
1699,Van Halen,Jump
1700,Guus Meeuwis,Het Is Een Nacht... (Levensecht)
1701,Nick Cave & The Bad Seeds,Where the Wild Roses Grow - 2011 - Remaster
1702,Neil Diamond,Beautiful Noise
1703,Charles Aznavour,Yesterday When I Was Young
1704,Marco Borsato,De Waarheid
1705,Marco Borsato,Wereld Zonder Jou
1706,Spice Girls,Wannabe
1707,Skunk Anansie,Hedonism (Just Because You Feel Good)
1708,Fugees,Killing Me Softly With His Song
1709,George Michael,You Have Been Loved
1710,Robert Miles,Children
1711,Blackstreet,No Diggity
1712,Patrick Bruel,"Casser la voix - Live ""Si Ce Soir"""
1713,Amanda Marshall,Beautiful Goodbye
1714,Chaka Khan,Ain't Nobody
1715,Counting Crows,A Long December
1716,Eels,Novocaine For The Soul
1717,Guus Meeuwis,Per Spoor (Kedeng Kedeng)
1718,The Verve,Bitter Sweet Symphony
1719,Frank Boeijen,Zeg Me Dat Het Niet Zo Is
1720,Rammstein,Du hast
1721,John Denver,"Take Me Home, Country Roads"
1722,Radiohead,Karma Police
1723,Foo Fighters,Everlong
1724,Skik,Op Fietse
1725,Radiohead,Paranoid Android
1726,Acda en de Munnik,Lopen Tot De Zon Komt
1727,Nick Cave & The Bad Seeds,Into My Arms - 2011 Remastered Version
1728,Rammstein,Engel
1729,Paul de Leeuw,k Heb Je Lief
1730,Buena Vista Social Club,Chan Chan
1731,The Prodigy,Firestarter
1732,Metallica,The Unforgiven II
1733,The Prodigy,Smack My Bitch Up
1734,Gerry & The Pacemakers,You'll Never Walk Alone
1735,Green Day,Good Riddance (Time of Your Life)
1736,Elton John,Candle In The Wind 1997
1737,Radiohead,No Surprises
1738,Acda en de Munnik,Als Het Vuur Gedoofd Is
1739,George Baker Selection,Little Green Bag
1740,Midnight Oil,Beds Are Burning - Remastered
1741,CÃ©line Dion,"My Heart Will Go On - Love Theme from ""Titanic"""
1742,Guus Meeuwis,t Dondert En 't Bliksemt
1743,The Prodigy,Breathe
1744,Metallica,The Memory Remains
1745,Joe Cocker,N'oubliez Jamais
1746,Barbra Streisand,Tell Him
1747,Acda en de Munnik,Mooi Liedje
1748,The Police,Can't Stand Losing You
1749,Eva Cassidy,Songbird
1750,Frank Boeijen Groep,Hier Komt De Storm
1751,The Verve,The Drugs Don't Work
1752,Daft Punk,Around the World
1753,George Michael,Somebody to Love
1754,Anouk,Nobody's Wife
1755,De Dijk,Als Ze Er Niet Is
1756,George Michael,Careless Whisper
1757,Metallica,Whiskey In The Jar
1758,George Michael,Don't Let the Sun Go Down on Me
1759,The Waterboys,The Whole of the Moon
1760,BLÃ˜F,Liefs Uit Londen
1761,Liquido,Narcotic - Long Version
1762,U2,New Year's Day
1763,George Michael,Cowboys and Angels
1764,Henk Westbroek,Zelfs Je Naam Is Mooi
1765,Hero,Toen Ik Je Zag - Single Version
1766,Aerosmith,"I Don't Want to Miss a Thing - From ""Armageddon"" Soundtrack"
1767,Eva Cassidy,Fields Of Gold
1768,George Michael,A Different Corner
1769,Massive Attack,Teardrop
1770,George Michael,Faith
1771,George Michael,Father Figure
1772,Acda en de Munnik,Niet Of Nooit Geweest
1773,Stef Bos,Is Dit Nu Later
1774,Marco Borsato,De Bestemming
1775,Korn,Freak On a Leash
1776,De Dijk,Onderuit
1777,Les Poppys,Non non rien n'a changÃ©
1778,Ilse DeLange,I'm Not so Tough
1779,George Michael,Killer / Papa Was a Rollin' Stone
1780,George Michael,I Knew You Were Waiting (For Me)
1781,Manic Street Preachers,If You Tolerate This Your Children Will Be Next
1782,George Michael,Praying for Time
1783,Herman van Veen,Hilversum 3
1784,Duran Duran,The Reflex
1785,Ilse DeLange,World of Hurt
1786,George Michael,As
1787,Placebo,Pure Morning
1788,Robbie Williams,She's The One
1789,Stef Bos,Ik Heb Je Lief
1790,The Offspring,Pretty Fly (For A White Guy)
1791,George Michael,I Can't Make You Love Me
1792,Fatboy Slim,Praise You
1793,Anouk,Sacrifice
1794,Herman van Veen,Toveren
1795,George Michael,Kissing a Fool
1796,Mecano,Hijo de la Luna
1797,Acda en de Munnik,"Slaap Zacht , Elisabeth"
1798,Robbie Williams,Angels
1799,Eric Clapton,Tears in Heaven
1800,Red Hot Chili Peppers,Californication
1801,BLÃ˜F,Harder Dan Ik Hebben Kan
1802,Foo Fighters,Learn to Fly
1803,Bonnie Tyler,Total Eclipse of the Heart
1804,Red Hot Chili Peppers,Scar Tissue
1805,Red Hot Chili Peppers,Otherside
1806,Phil Collins,"You'll Be In My Heart - From ""Tarzan""/Soundtrack Version"
1807,Robbie Williams,Let Me Entertain You
1808,Red Hot Chili Peppers,Road Trippin'
1809,Genesis,Jesus He Knows Me
1810,Venice,The Family Tree
1811,Moby,Porcelain
1812,Muse,Unintended
1813,Beth Hart,LA Song
1814,Live,The Dolphin's Cry
1815,Smash Mouth,All Star
1816,Moby,Why Does My Heart Feel So Bad?
1817,Zucchero,Il Volo
1818,Dr. Dre,The Next Episode
1819,Karin Bloemen,Geen Kind Meer
1820,blink-182,All The Small Things
1821,Live,Run To The Water
1822,De Kast,Hart Van Mijn Gevoel
1823,Santana,Smooth (feat. Rob Thomas)
1824,Eminem,My Name Is
1825,Sting,Desert Rose
1826,The Chemical Brothers,Hey Boy Hey Girl
1827,Etta James,At Last
1828,Elvis Presley,Can't Help Falling in Love
1829,Frank Sinatra,Fly Me To The Moon (In Other Words)
1830,Ben E. King,Stand by Me
1831,Roy Orbison,"Oh, Pretty Woman"
1832,Johnny Cash,Ring of Fire
1833,Bob Dylan,Blowin' in the Wind
1834,Roy Orbison,In Dreams
1835,The Beatles,Twist And Shout - Remastered 2009
1836,Elvis Presley,Are You Lonesome Tonight
1837,The Beatles,I Saw Her Standing There - Remastered 2009
1838,Bob Dylan,"Don't Think Twice, It's All Right"
1839,Simon & Garfunkel,The Sound of Silence - Acoustic Version
1840,The Animals,House Of The Rising Sun
1841,Johnny Cash,Folsom Prison Blues
1842,Bob Dylan,The Times They Are A-Changin'
1843,Sam Cooke,A Change Is Gonna Come
1844,The Beatles,A Hard Day's Night - Remastered 2009
1845,Gilbert BÃ©caud,Nathalie
1846,The Beatles,Eight Days A Week - Remastered 2009
1847,The Rolling Stones,It's All Over Now - Mono Version
1848,The Beatles,Yesterday - Remastered 2009
1849,The Rolling Stones,(I Can't Get No) Satisfaction - Mono Version
1850,Bob Dylan,Like a Rolling Stone
1851,The Beatles,Norwegian Wood (This Bird Has Flown) - Remastered 2009
1852,The Beatles,Help! - Remastered 2009
1853,The Righteous Brothers,Unchained Melody
1854,The Beatles,Michelle - Remastered 2009
1855,Nina Simone,Feeling Good
1856,The Who,My Generation - Stereo Version
1857,The Beatles,In My Life - Remastered 2009
1858,The Rolling Stones,As Tears Go By - Mono Version
1859,Frank Sinatra,It Was A Very Good Year
1860,The Rolling Stones,Time Is On My Side - Mono Version
1861,The Rolling Stones,Little Red Rooster - Mono Version
1862,The Byrds,Mr. Tambourine Man
1863,The Rolling Stones,"Paint It, Black"
1864,The Beach Boys,God Only Knows - Remastered
1865,The Mamas & The Papas,California Dreamin' - Single Version
1866,The Beatles,Eleanor Rigby - Remastered 2009
1867,Ike & Tina Turner,River Deep - Mountain High
1868,Frank Sinatra,That's Life
1869,The Rolling Stones,Jumpin' Jack Flash - Mono
1870,Simon & Garfunkel,Scarborough Fair / Canticle
1871,The Beach Boys,Sloop John B - Remastered
1872,Simon & Garfunkel,Homeward Bound
1873,The Rolling Stones,Under My Thumb
1874,Bob Dylan,I Want You
1875,Percy Sledge,When a Man Loves a Woman
1876,The Kinks,Sunny Afternoon - Mono Mix
1877,Tim Hardin,How Can We Hang On To A Dream
1878,The Mamas & The Papas,"Monday, Monday - Single Version"
1879,The Beatles,For No One - Remastered 2009
1880,James Brown & The Famous Flames,"It's A Man's, Man's, Man's World"
1881,Otis Redding,Try a Little Tenderness
1882,The Beach Boys,Wouldn't It Be Nice - Stereo Mix
1883,The Moody Blues,Nights In White Satin - Single Version / Mono Mix
1884,The Doors,The End
1885,The Beatles,A Day In The Life - Remastered 2009
1886,Van Morrison,Brown Eyed Girl
1887,Aretha Franklin,Respect
1888,Jefferson Airplane,White Rabbit
1889,The Beatles,Penny Lane
1890,Leonard Cohen,Suzanne
1891,Jimi Hendrix,Hey Joe
1892,The Beach Boys,Good Vibrations - Remastered
1893,The Doors,Light My Fire
1894,The Beatles,Strawberry Fields Forever - Remastered 2009
1895,Leonard Cohen,"So Long, Marianne"
1896,Jimi Hendrix,Little Wing
1897,The Beatles,The Fool On The Hill - Remastered 2009
1898,The Doors,People Are Strange
1899,Jimi Hendrix,The Wind Cries Mary
1900,The Beatles,Sgt. Pepper's Lonely Hearts Club Band - Remastered 2009
1901,The Beatles,Lucy In The Sky With Diamonds - Remastered 2009
1902,Jimi Hendrix,Purple Haze
1903,The Rolling Stones,Ruby Tuesday
1904,The Beatles,All You Need Is Love - Remastered 2009
1905,The Hollies,"He Ain't Heavy, He's My Brother"
1906,The Beatles,When I'm Sixty Four - Remastered 2009
1907,Cuby & The Blizzards,Somebody Will Know Someday
1908,The Beatles,I Am The Walrus - Remastered 2009
1909,Elvis Presley,Guitar Man
1910,Marvin Gaye,Ain't No Mountain High Enough
1911,Scott McKenzie,San Francisco (Be Sure to Wear Some Flowers In Your Hair)
1912,The Beatles,She's Leaving Home - Remastered 2009
1913,The Monkees,I'm a Believer - 2006 Remaster
1914,The Kinks,Waterloo Sunset - Mono Mix
1915,Cream,Sunshine Of Your Love
1916,The Doors,Break on Through (To the Other Side)
1917,Jefferson Airplane,Somebody to Love
1918,Tom Jones,Green Green Grass Of Home
1919,Bee Gees,To Love Somebody
1920,Liesbeth List,Pastorale - Remastered
1921,Otis Redding,(Sittin' On) the Dock of the Bay
1922,The Beatles,Blackbird - Remastered 2009
1923,Creedence Clearwater Revival,I Put A Spell On You
1924,The Beatles,While My Guitar Gently Weeps - Remastered 2009
1925,Jimi Hendrix,All Along the Watchtower
1926,Cuby & The Blizzards,"Window Of My Eyes - From ""The American"" Soundtrack"
1927,Aretha Franklin,I Say a Little Prayer
1928,Aretha Franklin,(You Make Me Feel Like) A Natural Woman
1929,Cream,White Room
1930,Simon & Garfunkel,"Mrs. Robinson - From ""The Graduate"" Soundtrack"
1931,Louis Armstrong,What A Wonderful World - Single Version
1932,The Cats,Lea
1933,The Band,The Weight - Remastered
1934,Nina Simone,Ain't Got No - I Got Life - Remastered
1935,Jimi Hendrix,Voodoo Child (Slight Return)
1936,Creedence Clearwater Revival,Suzie Q
1937,Steppenwolf,Born To Be Wild - Single Version
1938,Bee Gees,Words
1939,Bee Gees,Massachussetts
1940,The Cats,Times Were When
1941,Bee Gees,I Started A Joke
1942,Richard Harris,MacArthur Park
1943,Etta James,I'd Rather Go Blind
1944,The Monkees,Daydream Believer
1945,The Beatles,Back In The U.S.S.R. - Remastered 2009
1946,Neil Diamond,"Girl, You'll Be A Woman Soon"
1947,The Beatles,Here Comes The Sun - Remastered 2009
1948,David Bowie,Space Oddity - 2015 Remaster
1949,The Rolling Stones,Gimme Shelter
1950,Elvis Presley,Suspicious Minds
1951,Led Zeppelin,Whole Lotta Love - 1990 Remaster
1952,Neil Diamond,Sweet Caroline
1953,Creedence Clearwater Revival,Fortunate Son
1954,Elvis Presley,In the Ghetto
1955,Creedence Clearwater Revival,Bad Moon Rising
1956,The Rolling Stones,You Can't Always Get What You Want
1957,Joe Cocker,With A Little Help From My Friends
1958,Frank Sinatra,My Way
1959,The Beatles,Come Together - Remastered 2009
1960,The Beatles,Something - Remastered 2009
1961,Fleetwood Mac,Albatross - 2018 Remaster
1962,Golden Earring,Just A Little Bit Of Peace In My Heart
1963,Shocking Blue,Venus
1964,Dusty Springfield,Son of a Preacher Man
1965,The Who,Pinball Wizard
1966,The Cats,Marian
1967,Creedence Clearwater Revival,Proud Mary
1968,Melanie,Beautiful People
1969,Fleetwood Mac,Oh Well (Pt. 1) - 2013 Remaster
1970,Creedence Clearwater Revival,Born On The Bayou
1971,The Cats,Scarlet Ribbons
1972,B.B. King,The Thrill Is Gone
1973,Led Zeppelin,Dazed and Confused
1974,The Who,Overture
1975,Ralph McTell,Streets of London
1976,Creedence Clearwater Revival,Down On The Corner
1977,Cuby & The Blizzards,Appleknockers Flophouse
1978,Roberta Flack,The First Time Ever I Saw Your Face
1979,The Doors,Touch Me
1980,Brainbox,Summertime
1981,The Rolling Stones,Midnight Rambler
1982,Rare Earth,Get Ready
1983,Fleetwood Mac,Black Magic Woman - 2018 Remaster
1984,"Crosby, Stills & Nash",Suite: Judy Blue Eyes - Remastered
1985,Elvis Presley,Blue Suede Shoes
1986,Elvis Presley,Jailhouse Rock
1987,Nina Simone,My Baby Just Cares for Me - 2013 Remastered Version
1988,Louis Armstrong,Summertime
1989,Elvis Presley,Heartbreak Hotel
1990,Elvis Presley,Hound Dog
1991,Chuck Berry,Johnny B. Goode
1992,The Dave Brubeck Quartet,Take Five
1993,Fats Domino,Blueberry Hill
